"","symboling","normalized.losses","make","aspiration","num.of.doors","body.style","drive.wheels","engine.location","wheel.base","length","width","height","curb.weight","engine.type","num.of.cylinders","engine.size","fuel.system","bore","stroke","compression.ratio","horsepower","peak.rpm","city.mpg","highway.mpg","price","city.L.100km","highway.L.100km","price_binned","diesel","gas","normalized_length","normalized_width","normalized_height"
"1",3,NA,"alfa-romero","std","two","hatchback","rwd","front",88.6,168.8,64.1,48.8,2548,"dohc","<= four",130,"mpfi",3.47,2.68,9,111,5000,21,27,13495,11.1904761904762,8.7037037037037,"Low","No","Yes",-0.438315068924527,-0.851334555978286,-2.02901450325807
"2",3,NA,"alfa-romero","std","two","hatchback","rwd","front",88.6,168.8,64.1,48.8,2548,"dohc","<= four",130,"mpfi",3.47,2.68,9,111,5000,21,27,16500,11.1904761904762,8.7037037037037,"Low","No","Yes",-0.438315068924527,-0.851334555978286,-2.02901450325807
"3",1,NA,"alfa-romero","std","two","hatchback","rwd","front",94.5,171.2,65.5,52.4,2823,"ohc",">= five",152,"mpfi",2.68,3.47,9,154,5000,19,26,16500,12.3684210526316,9.03846153846154,"Low","No","Yes",-0.243544260846798,-0.185134489092041,-0.558319427071026
"4",2,164,"audi","std","four","sedan","fwd","front",99.8,176.6,66.2,54.3,2337,"ohc","<= four",109,"mpfi",3.19,3.4,10,102,5500,24,30,13950,9.79166666666667,7.83333333333333,"Low","No","Yes",0.194690057328096,0.147965544351082,0.217880752027688
"5",2,164,"audi","std","four","sedan","fwd","front",99.4,176.6,66.4,54.3,2824,"ohc",">= five",136,"mpfi",3.19,3.4,8,115,5500,18,22,17450,13.0555555555556,10.6818181818182,"Low","No","Yes",0.194690057328096,0.243136982477689,0.217880752027688
"6",2,NA,"audi","std","two","sedan","fwd","front",99.8,177.3,66.3,53.1,2507,"ohc",">= five",136,"mpfi",3.19,3.4,8.5,110,5500,19,25,15250,12.3684210526316,9.4,"Low","No","Yes",0.251498209684102,0.195551263414382,-0.272350940034656
"7",1,158,"audi","std","four","sedan","fwd","front",105.8,192.7,71.4,55.7,2844,"ohc",">= five",136,"mpfi",3.19,3.4,8.5,110,5500,19,25,17710,12.3684210526316,9.4,"Low","No","Yes",1.50127756151621,2.62242293564284,0.789817726100428
"8",1,NA,"audi","std","four","sedan","fwd","front",105.8,192.7,71.4,55.7,2954,"ohc",">= five",136,"mpfi",3.19,3.4,8.5,110,5500,19,25,18920,12.3684210526316,9.4,"Mid->High","No","Yes",1.50127756151621,2.62242293564284,0.789817726100428
"9",1,158,"audi","turbo","four","sedan","fwd","front",105.8,192.7,71.4,55.9,3086,"ohc",">= five",131,"mpfi",3.13,3.4,8.3,140,5500,17,20,23875,13.8235294117647,11.75,"Mid->High","No","Yes",1.50127756151621,2.62242293564284,0.871523008110818
"10",2,192,"bmw","std","two","sedan","rwd","front",101.2,176.8,64.8,54.3,2395,"ohc","<= four",108,"mpfi",3.5,2.8,8.8,101,5800,23,29,16430,10.2173913043478,8.10344827586207,"Low","No","Yes",0.210920958001242,-0.518234522535163,0.217880752027688
"11",0,192,"bmw","std","four","sedan","rwd","front",101.2,176.8,64.8,54.3,2395,"ohc","<= four",108,"mpfi",3.5,2.8,8.8,101,5800,23,29,16925,10.2173913043478,8.10344827586207,"Low","No","Yes",0.210920958001242,-0.518234522535163,0.217880752027688
"12",0,188,"bmw","std","two","sedan","rwd","front",101.2,176.8,64.8,54.3,2710,"ohc",">= five",164,"mpfi",3.31,3.19,9,121,4250,21,28,20970,11.1904761904762,8.39285714285714,"Mid->High","No","Yes",0.210920958001242,-0.518234522535163,0.217880752027688
"13",0,188,"bmw","std","four","sedan","rwd","front",101.2,176.8,64.8,54.3,2765,"ohc",">= five",164,"mpfi",3.31,3.19,9,121,4250,21,28,21105,11.1904761904762,8.39285714285714,"Mid->High","No","Yes",0.210920958001242,-0.518234522535163,0.217880752027688
"14",1,NA,"bmw","std","four","sedan","rwd","front",103.5,189,66.9,55.7,3055,"ohc",">= five",164,"mpfi",3.31,3.19,9,121,4250,20,25,24565,11.75,9.4,"Mid->High","No","Yes",1.20100589906304,0.481065577794205,0.789817726100428
"15",0,NA,"bmw","std","four","sedan","rwd","front",103.5,189,66.9,55.7,3230,"ohc",">= five",209,"mpfi",3.62,3.39,8,182,5400,16,22,30760,14.6875,10.6818181818182,"Mid->High","No","Yes",1.20100589906304,0.481065577794205,0.789817726100428
"16",0,NA,"bmw","std","two","sedan","rwd","front",103.5,193.8,67.9,53.7,3380,"ohc",">= five",209,"mpfi",3.62,3.39,8,182,5400,16,22,41315,14.6875,10.6818181818182,"Mid->High","No","Yes",1.5905475152185,0.956922768427235,-0.0272350940034825
"17",0,NA,"bmw","std","four","sedan","rwd","front",110,197,70.9,56.3,3505,"ohc",">= five",209,"mpfi",3.62,3.39,8,182,5400,15,20,36880,15.6666666666667,11.75,"Mid->High","No","Yes",1.85024192598881,2.38449434032633,1.0349335721316
"18",2,121,"chevrolet","std","two","hatchback","fwd","front",88.4,141.1,60.3,53.2,1488,"dohc","<= four",61,"2bbl",2.91,3.03,9.5,48,5100,47,53,5151,5,4.43396226415094,"Low","No","Yes",-2.686294812155,-2.6595918803838,-0.23149829902946
"19",1,98,"chevrolet","std","two","hatchback","fwd","front",94.5,155.9,63.6,52,1874,"ohc","<= four",90,"2bbl",3.03,3.11,9.6,70,5400,38,43,6295,6.18421052631579,5.46511627906977,"Low","No","Yes",-1.48520816234233,-1.0892631512948,-0.721729991091808
"20",0,81,"chevrolet","std","four","sedan","fwd","front",94.5,158.8,63.6,52,1909,"ohc","<= four",90,"2bbl",3.03,3.11,9.6,70,5400,38,43,6575,6.18421052631579,5.46511627906977,"Low","No","Yes",-1.24986010258174,-1.0892631512948,-0.721729991091808
"21",1,118,"dodge","std","two","hatchback","fwd","front",93.7,157.3,63.8,50.8,1876,"ohc","<= four",90,"2bbl",2.97,3.23,9.41,68,5500,37,41,5572,6.35135135135135,5.73170731707317,"Low","No","Yes",-1.37159185763032,-0.994091713168194,-1.21196168315416
"22",1,118,"dodge","std","two","hatchback","fwd","front",93.7,157.3,63.8,50.8,1876,"ohc","<= four",90,"2bbl",2.97,3.23,9.4,68,5500,31,38,6377,7.58064516129032,6.18421052631579,"Low","No","Yes",-1.37159185763032,-0.994091713168194,-1.21196168315416
"23",1,118,"dodge","turbo","two","hatchback","fwd","front",93.7,157.3,63.8,50.8,2128,"ohc","<= four",98,"mpfi",3.03,3.39,7.6,102,5500,24,30,7957,9.79166666666667,7.83333333333333,"Low","No","Yes",-1.37159185763032,-0.994091713168194,-1.21196168315416
"24",1,148,"dodge","std","four","hatchback","fwd","front",93.7,157.3,63.8,50.6,1967,"ohc","<= four",90,"2bbl",2.97,3.23,9.4,68,5500,31,38,6229,7.58064516129032,6.18421052631579,"Low","No","Yes",-1.37159185763032,-0.994091713168194,-1.29366696516454
"25",1,148,"dodge","std","four","sedan","fwd","front",93.7,157.3,63.8,50.6,1989,"ohc","<= four",90,"2bbl",2.97,3.23,9.4,68,5500,31,38,6692,7.58064516129032,6.18421052631579,"Low","No","Yes",-1.37159185763032,-0.994091713168194,-1.29366696516454
"26",1,148,"dodge","std","four","sedan","fwd","front",93.7,157.3,63.8,50.6,1989,"ohc","<= four",90,"2bbl",2.97,3.23,9.4,68,5500,31,38,7609,7.58064516129032,6.18421052631579,"Low","No","Yes",-1.37159185763032,-0.994091713168194,-1.29366696516454
"27",1,148,"dodge","turbo","two","sedan","fwd","front",93.7,157.3,63.8,50.6,2191,"ohc","<= four",98,"mpfi",3.03,3.39,7.6,102,5500,24,30,8558,9.79166666666667,7.83333333333333,"Low","No","Yes",-1.37159185763032,-0.994091713168194,-1.29366696516454
"28",-1,110,"dodge","std","four","sedan","fwd","front",103.3,174.6,64.6,59.8,2535,"ohc","<= four",122,"2bbl",3.34,3.46,8.5,88,5000,24,30,8921,9.79166666666667,7.83333333333333,"Low","No","Yes",0.032381050596654,-0.613405960661771,2.46477600731344
"29",3,145,"dodge","turbo","two","hatchback","fwd","front",95.9,173.2,66.3,50.2,2811,"ohc","<= four",156,"mfi",3.6,3.9,7,145,5000,19,24,12964,12.3684210526316,9.79166666666667,"Low","No","Yes",-0.081235254115356,0.195551263414382,-1.45707752918533
"30",2,137,"honda","std","two","hatchback","fwd","front",86.6,144.6,63.9,50.8,1713,"ohc","<= four",92,"1bbl",2.91,3.41,9.6,58,4800,49,54,6479,4.79591836734694,4.35185185185185,"Low","No","Yes",-2.40225405037498,-0.94650599410489,-1.21196168315416
"31",2,137,"honda","std","two","hatchback","fwd","front",86.6,144.6,63.9,50.8,1819,"ohc","<= four",92,"1bbl",2.91,3.41,9.2,76,6000,31,38,6855,7.58064516129032,6.18421052631579,"Low","No","Yes",-2.40225405037498,-0.94650599410489,-1.21196168315416
"32",1,101,"honda","std","two","hatchback","fwd","front",93.7,150,64,52.6,1837,"ohc","<= four",79,"1bbl",2.91,3.07,10.1,60,5500,38,42,5399,6.18421052631579,5.59523809523809,"Low","No","Yes",-1.96401973220008,-0.898920275041586,-0.476614145060634
"33",1,101,"honda","std","two","hatchback","fwd","front",93.7,150,64,52.6,1940,"ohc","<= four",92,"1bbl",2.91,3.41,9.2,76,6000,30,34,6529,7.83333333333333,6.91176470588235,"Low","No","Yes",-1.96401973220008,-0.898920275041586,-0.476614145060634
"34",1,101,"honda","std","two","hatchback","fwd","front",93.7,150,64,52.6,1956,"ohc","<= four",92,"1bbl",2.91,3.41,9.2,76,6000,30,34,7129,7.83333333333333,6.91176470588235,"Low","No","Yes",-1.96401973220008,-0.898920275041586,-0.476614145060634
"35",0,110,"honda","std","four","sedan","fwd","front",96.5,163.4,64,54.5,2010,"ohc","<= four",92,"1bbl",2.91,3.41,9.2,76,6000,30,34,7295,7.83333333333333,6.91176470588235,"Low","No","Yes",-0.876549387099421,-0.898920275041586,0.299586034038081
"36",0,78,"honda","std","four","sedan","fwd","front",96.5,157.1,63.9,58.3,2024,"ohc","<= four",92,"1bbl",2.92,3.41,9.2,76,6000,30,34,7295,7.83333333333333,6.91176470588235,"Low","No","Yes",-1.38782275830346,-0.94650599410489,1.85198639223551
"37",0,106,"honda","std","two","hatchback","fwd","front",96.5,167.5,65.2,53.3,2236,"ohc","<= four",110,"1bbl",3.15,3.58,9,86,5800,27,33,7895,8.7037037037037,7.12121212121212,"Low","No","Yes",-0.543815923299965,-0.327891646281948,-0.190645658024267
"38",0,106,"honda","std","two","hatchback","fwd","front",96.5,167.5,65.2,53.3,2289,"ohc","<= four",110,"1bbl",3.15,3.58,9,86,5800,27,33,9095,8.7037037037037,7.12121212121212,"Low","No","Yes",-0.543815923299965,-0.327891646281948,-0.190645658024267
"39",0,85,"honda","std","four","sedan","fwd","front",96.5,175.4,65.2,54.1,2304,"ohc","<= four",110,"1bbl",3.15,3.58,9,86,5800,27,33,8845,8.7037037037037,7.12121212121212,"Low","No","Yes",0.0973046532892318,-0.327891646281948,0.136175470017299
"40",0,85,"honda","std","four","sedan","fwd","front",96.5,175.4,62.5,54.1,2372,"ohc","<= four",110,"1bbl",3.15,3.58,9,86,5800,27,33,10295,8.7037037037037,7.12121212121212,"Low","No","Yes",0.0973046532892318,-1.61270606099113,0.136175470017299
"41",0,85,"honda","std","four","sedan","fwd","front",96.5,175.4,65.2,54.1,2465,"ohc","<= four",110,"mpfi",3.15,3.58,9,101,5800,24,28,12945,9.79166666666667,8.39285714285714,"Low","No","Yes",0.0973046532892318,-0.327891646281948,0.136175470017299
"42",1,107,"honda","std","two","sedan","fwd","front",96.5,169.1,66,51,2293,"ohc","<= four",110,"2bbl",3.15,3.58,9.1,100,5500,25,31,10345,9.4,7.58064516129032,"Low","No","Yes",-0.413968717914812,0.0527941062244745,-1.13025640114376
"43",0,NA,"isuzu","std","four","sedan","rwd","front",94.3,170.7,61.8,53.5,2337,"ohc","<= four",111,"2bbl",3.31,3.23,8.5,78,4800,24,29,6785,9.79166666666667,8.10344827586207,"Low","No","Yes",-0.284121512529659,-1.94580609443425,-0.108940376013875
"44",2,NA,"isuzu","std","two","hatchback","rwd","front",96,172.6,65.2,51.4,2734,"ohc","<= four",119,"spfi",3.43,3.23,9.2,90,5000,24,29,11048,9.79166666666667,8.10344827586207,"Low","No","Yes",-0.129927956134788,-0.327891646281948,-0.966845837122982
"45",0,145,"jaguar","std","four","sedan","rwd","front",113,199.6,69.6,52.8,4066,"dohc",">= five",258,"mpfi",3.63,4.17,8.1,176,4750,15,19,32250,15.6666666666667,12.3684210526316,"Mid->High","No","Yes",2.06124363473968,1.76587999250338,-0.394908863050245
"46",0,NA,"jaguar","std","four","sedan","rwd","front",113,199.6,69.6,52.8,4066,"dohc",">= five",258,"mpfi",3.63,4.17,8.1,176,4750,15,19,35550,15.6666666666667,12.3684210526316,"Mid->High","No","Yes",2.06124363473968,1.76587999250338,-0.394908863050245
"47",0,NA,"jaguar","std","two","sedan","rwd","front",102,191.7,70.6,47.8,3950,"ohc","twelve",326,"mpfi",3.54,2.76,11.5,262,5000,13,17,36000,18.0769230769231,13.8235294117647,"Mid->High","No","Yes",1.42012305815048,2.24173718313641,-2.43754091331002
"48",1,104,"mazda","std","two","hatchback","fwd","front",93.1,159.1,64.2,54.1,1890,"ohc","<= four",91,"2bbl",3.03,3.15,9,68,5000,30,31,5195,7.83333333333333,7.58064516129032,"Low","No","Yes",-1.22551375157202,-0.803748836914979,0.136175470017299
"49",1,104,"mazda","std","two","hatchback","fwd","front",93.1,159.1,64.2,54.1,1900,"ohc","<= four",91,"2bbl",3.03,3.15,9,68,5000,31,38,6095,7.58064516129032,6.18421052631579,"Low","No","Yes",-1.22551375157202,-0.803748836914979,0.136175470017299
"50",1,104,"mazda","std","two","hatchback","fwd","front",93.1,159.1,64.2,54.1,1905,"ohc","<= four",91,"2bbl",3.03,3.15,9,68,5000,31,38,6795,7.58064516129032,6.18421052631579,"Low","No","Yes",-1.22551375157202,-0.803748836914979,0.136175470017299
"51",1,113,"mazda","std","four","sedan","fwd","front",93.1,166.8,64.2,54.1,1945,"ohc","<= four",91,"2bbl",3.03,3.15,9,68,5000,31,38,6695,7.58064516129032,6.18421052631579,"Low","No","Yes",-0.600624075655969,-0.803748836914979,0.136175470017299
"52",1,113,"mazda","std","four","sedan","fwd","front",93.1,166.8,64.2,54.1,1950,"ohc","<= four",91,"2bbl",3.08,3.15,9,68,5000,31,38,7395,7.58064516129032,6.18421052631579,"Low","No","Yes",-0.600624075655969,-0.803748836914979,0.136175470017299
"53",3,150,"mazda","std","two","hatchback","rwd","front",95.3,169,65.7,49.6,2380,"dohc","<= four",70,"4bbl",NA,NA,9.4,101,6000,17,23,10945,13.8235294117647,10.2173913043478,"Low","No","Yes",-0.422084168251384,-0.0899630509654332,-1.7021933752165
"54",3,150,"mazda","std","two","hatchback","rwd","front",95.3,169,65.7,49.6,2380,"dohc","<= four",70,"4bbl",NA,NA,9.4,101,6000,17,23,11845,13.8235294117647,10.2173913043478,"Low","No","Yes",-0.422084168251384,-0.0899630509654332,-1.7021933752165
"55",3,150,"mazda","std","two","hatchback","rwd","front",95.3,169,65.7,49.6,2385,"dohc","<= four",70,"4bbl",NA,NA,9.4,101,6000,17,23,13645,13.8235294117647,10.2173913043478,"Low","No","Yes",-0.422084168251384,-0.0899630509654332,-1.7021933752165
"56",3,150,"mazda","std","two","hatchback","rwd","front",95.3,169,65.7,49.6,2500,"dohc","<= four",80,"mpfi",NA,NA,9.4,135,6000,16,23,15645,14.6875,10.2173913043478,"Low","No","Yes",-0.422084168251384,-0.0899630509654332,-1.7021933752165
"57",1,129,"mazda","std","two","hatchback","fwd","front",98.8,177.8,66.5,53.7,2385,"ohc","<= four",122,"2bbl",3.39,3.39,8.6,84,4800,26,32,8845,9.03846153846154,7.34375,"Low","No","Yes",0.292075461366963,0.29072270154099,-0.0272350940034825
"58",0,115,"mazda","std","four","sedan","fwd","front",98.8,177.8,66.5,55.5,2410,"ohc","<= four",122,"2bbl",3.39,3.39,8.6,84,4800,26,32,8495,9.03846153846154,7.34375,"Low","No","Yes",0.292075461366963,0.29072270154099,0.708112444090036
"59",1,129,"mazda","std","two","hatchback","fwd","front",98.8,177.8,66.5,53.7,2385,"ohc","<= four",122,"2bbl",3.39,3.39,8.6,84,4800,26,32,10595,9.03846153846154,7.34375,"Low","No","Yes",0.292075461366963,0.29072270154099,-0.0272350940034825
"60",0,115,"mazda","std","four","sedan","fwd","front",98.8,177.8,66.5,55.5,2410,"ohc","<= four",122,"2bbl",3.39,3.39,8.6,84,4800,26,32,10245,9.03846153846154,7.34375,"Low","No","Yes",0.292075461366963,0.29072270154099,0.708112444090036
"61",0,NA,"mazda","std","two","sedan","fwd","front",98.8,177.8,66.5,55.5,2443,"ohc","<= four",122,"idi",3.39,3.39,22.7,64,4650,36,42,10795,6.52777777777778,5.59523809523809,"Low","Yes","No",0.292075461366963,0.29072270154099,0.708112444090036
"62",0,115,"mazda","std","four","hatchback","fwd","front",98.8,177.8,66.5,55.5,2425,"ohc","<= four",122,"2bbl",3.39,3.39,8.6,84,4800,26,32,11245,9.03846153846154,7.34375,"Low","No","Yes",0.292075461366963,0.29072270154099,0.708112444090036
"63",0,118,"mazda","std","four","sedan","rwd","front",104.9,175,66.1,54.4,2670,"ohc","<= four",140,"mpfi",3.76,3.16,8,120,5000,19,27,18280,12.3684210526316,8.7037037037037,"Low","No","Yes",0.0648428519429429,0.100379825287775,0.258733393032885
"64",0,NA,"mazda","std","four","sedan","rwd","front",104.9,175,66.1,54.4,2700,"ohc","<= four",134,"idi",3.43,3.64,22,72,4200,31,39,18344,7.58064516129032,6.02564102564103,"Low","Yes","No",0.0648428519429429,0.100379825287775,0.258733393032885
"65",-1,93,"mercedes-benz","turbo","four","sedan","rwd","front",110,190.9,70.3,56.5,3515,"ohc",">= five",183,"idi",3.58,3.64,21.5,123,4350,22,25,25552,10.6818181818182,9.4,"Mid->High","Yes","No",1.35519945545791,2.0989800259465,1.11663885414199
"66",-1,93,"mercedes-benz","turbo","four","sedan","rwd","front",110,190.9,70.3,58.7,3750,"ohc",">= five",183,"idi",3.58,3.64,21.5,123,4350,22,25,28248,10.6818181818182,9.4,"Mid->High","Yes","No",1.35519945545791,2.0989800259465,2.01539695625629
"67",0,93,"mercedes-benz","turbo","two","hatchback","rwd","front",106.7,187.5,70.3,54.9,3495,"ohc",">= five",183,"idi",3.58,3.64,21.5,123,4350,22,25,28176,10.6818181818182,9.4,"Mid->High","Yes","No",1.07927414401446,2.0989800259465,0.462996598058862
"68",-1,93,"mercedes-benz","turbo","four","sedan","rwd","front",115.6,202.6,71.7,56.3,3770,"ohc",">= five",183,"idi",3.58,3.64,21.5,123,4350,22,25,31600,10.6818181818182,9.4,"Mid->High","Yes","No",2.30470714483684,2.76518009283275,1.0349335721316
"69",-1,NA,"mercedes-benz","std","four","sedan","rwd","front",115.6,202.6,71.7,56.5,3740,"ohc",">= five",234,"mpfi",3.46,3.1,8.3,155,4750,16,18,34184,14.6875,13.0555555555556,"Mid->High","No","Yes",2.30470714483684,2.76518009283275,1.11663885414199
"70",3,142,"mercedes-benz","std","two","hatchback","rwd","front",96.6,180.3,70.5,50.8,3685,"ohc",">= five",234,"mpfi",3.46,3.1,8.3,155,4750,16,18,35056,14.6875,13.0555555555556,"Mid->High","No","Yes",0.494961719781266,2.19415146407311,-1.21196168315416
"71",0,NA,"mercedes-benz","std","four","sedan","rwd","front",120.9,208.1,71.7,56.7,3900,"ohc",">= five",308,"mpfi",3.8,3.35,8,184,4500,14,16,40960,16.7857142857143,14.6875,"Mid->High","No","Yes",2.75105691334831,2.76518009283275,1.19834413615238
"72",1,NA,"mercedes-benz","std","two","hatchback","rwd","front",112,199.2,72,55.4,3715,"ohc",">= five",304,"mpfi",3.8,3.35,8,184,4500,14,16,45400,16.7857142857143,14.6875,"Mid->High","No","Yes",2.02878183339339,2.90793725002266,0.66725980308484
"73",1,NA,"mercury","turbo","two","hatchback","rwd","front",102.7,178.4,68,54.8,2910,"ohc","<= four",140,"mpfi",3.78,3.12,8,175,5000,19,24,16503,12.3684210526316,9.79166666666667,"Low","No","Yes",0.340768163386395,1.00450848749054,0.422143957053666
"74",2,161,"mitsubishi","std","two","hatchback","fwd","front",93.7,157.3,64.4,50.8,1918,"ohc","<= four",92,"2bbl",2.97,3.23,9.4,68,5500,37,41,5389,6.35135135135135,5.73170731707317,"Low","No","Yes",-1.37159185763032,-0.708577398788371,-1.21196168315416
"75",2,161,"mitsubishi","std","two","hatchback","fwd","front",93.7,157.3,64.4,50.8,1944,"ohc","<= four",92,"2bbl",2.97,3.23,9.4,68,5500,31,38,6189,7.58064516129032,6.18421052631579,"Low","No","Yes",-1.37159185763032,-0.708577398788371,-1.21196168315416
"76",2,161,"mitsubishi","std","two","hatchback","fwd","front",93.7,157.3,64.4,50.8,2004,"ohc","<= four",92,"2bbl",2.97,3.23,9.4,68,5500,31,38,6669,7.58064516129032,6.18421052631579,"Low","No","Yes",-1.37159185763032,-0.708577398788371,-1.21196168315416
"77",1,161,"mitsubishi","turbo","two","hatchback","fwd","front",93,157.3,63.8,50.8,2145,"ohc","<= four",98,"spdi",3.03,3.39,7.6,102,5500,24,30,7689,9.79166666666667,7.83333333333333,"Low","No","Yes",-1.37159185763032,-0.994091713168194,-1.21196168315416
"78",3,153,"mitsubishi","turbo","two","hatchback","fwd","front",96.3,173,65.4,49.4,2370,"ohc","<= four",110,"spdi",3.17,3.46,7.5,116,5500,23,30,9959,10.2173913043478,7.83333333333333,"Low","No","Yes",-0.0974661547884992,-0.232720208155341,-1.78389865722689
"79",3,153,"mitsubishi","std","two","hatchback","fwd","front",96.3,173,65.4,49.4,2328,"ohc","<= four",122,"2bbl",3.35,3.46,8.5,88,5000,25,32,8499,9.4,7.34375,"Low","No","Yes",-0.0974661547884992,-0.232720208155341,-1.78389865722689
"80",3,NA,"mitsubishi","turbo","two","hatchback","fwd","front",95.9,173.2,66.3,50.2,2833,"ohc","<= four",156,"spdi",3.58,3.86,7,145,5000,19,24,12629,12.3684210526316,9.79166666666667,"Low","No","Yes",-0.081235254115356,0.195551263414382,-1.45707752918533
"81",3,NA,"mitsubishi","turbo","two","hatchback","fwd","front",95.9,173.2,66.3,50.2,2921,"ohc","<= four",156,"spdi",3.59,3.86,7,145,5000,19,24,14869,12.3684210526316,9.79166666666667,"Low","No","Yes",-0.081235254115356,0.195551263414382,-1.45707752918533
"82",3,NA,"mitsubishi","turbo","two","hatchback","fwd","front",95.9,173.2,66.3,50.2,2926,"ohc","<= four",156,"spdi",3.59,3.86,7,145,5000,19,24,14489,12.3684210526316,9.79166666666667,"Low","No","Yes",-0.081235254115356,0.195551263414382,-1.45707752918533
"83",1,125,"mitsubishi","std","four","sedan","fwd","front",96.3,172.4,65.4,51.6,2365,"ohc","<= four",122,"2bbl",3.35,3.46,8.5,88,5000,25,32,6989,9.4,7.34375,"Low","No","Yes",-0.146158856807931,-0.232720208155341,-0.885140555112589
"84",1,125,"mitsubishi","std","four","sedan","fwd","front",96.3,172.4,65.4,51.6,2405,"ohc","<= four",122,"2bbl",3.35,3.46,8.5,88,5000,25,32,8189,9.4,7.34375,"Low","No","Yes",-0.146158856807931,-0.232720208155341,-0.885140555112589
"85",1,125,"mitsubishi","turbo","four","sedan","fwd","front",96.3,172.4,65.4,51.6,2403,"ohc","<= four",110,"spdi",3.17,3.46,7.5,116,5500,23,30,9279,10.2173913043478,7.83333333333333,"Low","No","Yes",-0.146158856807931,-0.232720208155341,-0.885140555112589
"86",-1,137,"mitsubishi","std","four","sedan","fwd","front",96.3,172.4,65.4,51.6,2403,"ohc","<= four",110,"spdi",3.17,3.46,7.5,116,5500,23,30,9279,10.2173913043478,7.83333333333333,"Low","No","Yes",-0.146158856807931,-0.232720208155341,-0.885140555112589
"87",1,128,"nissan","std","two","sedan","fwd","front",94.5,165.3,63.8,54.5,1889,"ohc","<= four",97,"2bbl",3.15,3.29,9.4,69,5200,31,37,5499,7.58064516129032,6.35135135135135,"Low","No","Yes",-0.722355830704551,-0.994091713168194,0.299586034038081
"88",1,128,"nissan","std","two","sedan","fwd","front",94.5,165.3,63.8,54.5,2017,"ohc","<= four",103,"idi",2.99,3.47,21.9,55,4800,45,50,7099,5.22222222222222,4.7,"Low","Yes","No",-0.722355830704551,-0.994091713168194,0.299586034038081
"89",1,128,"nissan","std","two","sedan","fwd","front",94.5,165.3,63.8,54.5,1918,"ohc","<= four",97,"2bbl",3.15,3.29,9.4,69,5200,31,37,6649,7.58064516129032,6.35135135135135,"Low","No","Yes",-0.722355830704551,-0.994091713168194,0.299586034038081
"90",1,122,"nissan","std","four","sedan","fwd","front",94.5,165.3,63.8,54.5,1938,"ohc","<= four",97,"2bbl",3.15,3.29,9.4,69,5200,31,37,6849,7.58064516129032,6.35135135135135,"Low","No","Yes",-0.722355830704551,-0.994091713168194,0.299586034038081
"91",1,103,"nissan","std","four","sedan","fwd","front",94.5,170.2,63.8,53.5,2024,"ohc","<= four",97,"2bbl",3.15,3.29,9.4,69,5200,31,37,7349,7.58064516129032,6.35135135135135,"Low","No","Yes",-0.324698764212519,-0.994091713168194,-0.108940376013875
"92",1,128,"nissan","std","two","sedan","fwd","front",94.5,165.3,63.8,54.5,1951,"ohc","<= four",97,"2bbl",3.15,3.29,9.4,69,5200,31,37,7299,7.58064516129032,6.35135135135135,"Low","No","Yes",-0.722355830704551,-0.994091713168194,0.299586034038081
"93",1,128,"nissan","std","two","hatchback","fwd","front",94.5,165.6,63.8,53.3,2028,"ohc","<= four",97,"2bbl",3.15,3.29,9.4,69,5200,31,37,7799,7.58064516129032,6.35135135135135,"Low","No","Yes",-0.698009479694836,-0.994091713168194,-0.190645658024267
"94",1,122,"nissan","std","four","sedan","fwd","front",94.5,165.3,63.8,54.5,1971,"ohc","<= four",97,"2bbl",3.15,3.29,9.4,69,5200,31,37,7499,7.58064516129032,6.35135135135135,"Low","No","Yes",-0.722355830704551,-0.994091713168194,0.299586034038081
"95",1,103,"nissan","std","four","sedan","fwd","front",94.5,170.2,63.8,53.5,2037,"ohc","<= four",97,"2bbl",3.15,3.29,9.4,69,5200,31,37,7999,7.58064516129032,6.35135135135135,"Low","No","Yes",-0.324698764212519,-0.994091713168194,-0.108940376013875
"96",2,168,"nissan","std","two","hatchback","fwd","front",95.1,162.4,63.8,53.3,2008,"ohc","<= four",97,"2bbl",3.15,3.29,9.4,69,5200,31,37,8249,7.58064516129032,6.35135135135135,"Low","No","Yes",-0.957703890465142,-0.994091713168194,-0.190645658024267
"97",0,106,"nissan","std","four","hatchback","fwd","front",97.2,173.4,65.2,54.7,2324,"ohc","<= four",120,"2bbl",3.33,3.47,8.5,97,5200,27,34,8949,8.7037037037037,6.91176470588235,"Low","No","Yes",-0.0650043534422104,-0.327891646281948,0.381291316048473
"98",0,106,"nissan","std","four","sedan","fwd","front",97.2,173.4,65.2,54.7,2302,"ohc","<= four",120,"2bbl",3.33,3.47,8.5,97,5200,27,34,9549,8.7037037037037,6.91176470588235,"Low","No","Yes",-0.0650043534422104,-0.327891646281948,0.381291316048473
"99",0,128,"nissan","std","four","sedan","fwd","front",100.4,181.7,66.5,55.1,3095,"ohc",">= five",181,"mpfi",3.43,3.27,9,152,5200,17,22,13499,13.8235294117647,10.6818181818182,"Low","No","Yes",0.608578024493273,0.29072270154099,0.544701880069254
"100",0,108,"nissan","std","four","sedan","fwd","front",100.4,184.6,66.5,56.1,3296,"ohc",">= five",181,"mpfi",3.43,3.27,9,152,5200,17,22,14399,13.8235294117647,10.6818181818182,"Low","No","Yes",0.843926084253865,0.29072270154099,0.95322829012121
"101",0,108,"nissan","std","four","sedan","fwd","front",100.4,184.6,66.5,55.1,3060,"ohc",">= five",181,"mpfi",3.43,3.27,9,152,5200,19,25,13499,12.3684210526316,9.4,"Low","No","Yes",0.843926084253865,0.29072270154099,0.544701880069254
"102",3,194,"nissan","std","two","hatchback","rwd","front",91.3,170.7,67.9,49.7,3071,"ohc",">= five",181,"mpfi",3.43,3.27,9,160,5200,19,25,17199,12.3684210526316,9.4,"Low","No","Yes",-0.284121512529659,0.956922768427235,-1.6613407342113
"103",3,194,"nissan","turbo","two","hatchback","rwd","front",91.3,170.7,67.9,49.7,3139,"ohc",">= five",181,"mpfi",3.43,3.27,7.8,200,5200,17,23,19699,13.8235294117647,10.2173913043478,"Mid->High","No","Yes",-0.284121512529659,0.956922768427235,-1.6613407342113
"104",1,231,"nissan","std","two","hatchback","rwd","front",99.2,178.5,67.9,49.7,3139,"ohc",">= five",181,"mpfi",3.43,3.27,9,160,5200,19,25,18399,12.3684210526316,9.4,"Low","No","Yes",0.348883613722967,0.956922768427235,-1.6613407342113
"105",0,161,"peugot","std","four","sedan","rwd","front",107.9,186.7,68.4,56.7,3020,"dohc","<= four",120,"mpfi",3.46,3.19,8.4,97,5000,19,24,11900,12.3684210526316,9.79166666666667,"Low","No","Yes",1.01435054132188,1.19485136374375,1.19834413615238
"106",0,161,"peugot","turbo","four","sedan","rwd","front",107.9,186.7,68.4,56.7,3197,"dohc","<= four",152,"idi",3.7,3.52,21,95,4150,28,33,13200,8.39285714285714,7.12121212121212,"Low","Yes","No",1.01435054132188,1.19485136374375,1.19834413615238
"107",0,NA,"peugot","std","four","sedan","rwd","front",114.2,198.9,68.4,58.7,3230,"dohc","<= four",120,"mpfi",3.46,3.19,8.4,97,5000,19,24,12440,12.3684210526316,9.79166666666667,"Low","No","Yes",2.00443548238368,1.19485136374375,2.01539695625629
"108",0,NA,"peugot","turbo","four","sedan","rwd","front",114.2,198.9,68.4,58.7,3430,"dohc","<= four",152,"idi",3.7,3.52,21,95,4150,25,25,13860,9.4,9.4,"Low","Yes","No",2.00443548238368,1.19485136374375,2.01539695625629
"109",0,161,"peugot","std","four","sedan","rwd","front",107.9,186.7,68.4,56.7,3075,"dohc","<= four",120,"mpfi",3.46,2.19,8.4,95,5000,19,24,15580,12.3684210526316,9.79166666666667,"Low","No","Yes",1.01435054132188,1.19485136374375,1.19834413615238
"110",0,161,"peugot","turbo","four","sedan","rwd","front",107.9,186.7,68.4,56.7,3252,"dohc","<= four",152,"idi",3.7,3.52,21,95,4150,28,33,16900,8.39285714285714,7.12121212121212,"Low","Yes","No",1.01435054132188,1.19485136374375,1.19834413615238
"111",0,NA,"peugot","std","four","sedan","rwd","front",114.2,198.9,68.4,56.7,3285,"dohc","<= four",120,"mpfi",3.46,2.19,8.4,95,5000,19,24,16695,12.3684210526316,9.79166666666667,"Low","No","Yes",2.00443548238368,1.19485136374375,1.19834413615238
"112",0,NA,"peugot","turbo","four","sedan","rwd","front",114.2,198.9,68.4,58.7,3485,"dohc","<= four",152,"idi",3.7,3.52,21,95,4150,25,25,17075,9.4,9.4,"Low","Yes","No",2.00443548238368,1.19485136374375,2.01539695625629
"113",0,161,"peugot","std","four","sedan","rwd","front",107.9,186.7,68.4,56.7,3075,"dohc","<= four",120,"mpfi",3.46,3.19,8.4,97,5000,19,24,16630,12.3684210526316,9.79166666666667,"Low","No","Yes",1.01435054132188,1.19485136374375,1.19834413615238
"114",0,161,"peugot","turbo","four","sedan","rwd","front",107.9,186.7,68.4,56.7,3252,"dohc","<= four",152,"idi",3.7,3.52,21,95,4150,28,33,17950,8.39285714285714,7.12121212121212,"Low","Yes","No",1.01435054132188,1.19485136374375,1.19834413615238
"115",0,161,"peugot","turbo","four","sedan","rwd","front",108,186.7,68.3,56,3130,"dohc","<= four",134,"mpfi",3.61,3.21,7,142,5600,18,24,18150,13.0555555555556,9.79166666666667,"Low","No","Yes",1.01435054132188,1.14726564468044,0.912375649116014
"116",1,119,"plymouth","std","two","hatchback","fwd","front",93.7,157.3,63.8,50.8,1918,"ohc","<= four",90,"2bbl",2.97,3.23,9.4,68,5500,37,41,5572,6.35135135135135,5.73170731707317,"Low","No","Yes",-1.37159185763032,-0.994091713168194,-1.21196168315416
"117",1,119,"plymouth","turbo","two","hatchback","fwd","front",93.7,157.3,63.8,50.8,2128,"ohc","<= four",98,"spdi",3.03,3.39,7.6,102,5500,24,30,7957,9.79166666666667,7.83333333333333,"Low","No","Yes",-1.37159185763032,-0.994091713168194,-1.21196168315416
"118",1,154,"plymouth","std","four","hatchback","fwd","front",93.7,157.3,63.8,50.6,1967,"ohc","<= four",90,"2bbl",2.97,3.23,9.4,68,5500,31,38,6229,7.58064516129032,6.18421052631579,"Low","No","Yes",-1.37159185763032,-0.994091713168194,-1.29366696516454
"119",1,154,"plymouth","std","four","sedan","fwd","front",93.7,167.3,63.8,50.8,1989,"ohc","<= four",90,"2bbl",2.97,3.23,9.4,68,5500,31,38,6692,7.58064516129032,6.18421052631579,"Low","No","Yes",-0.560046823973108,-0.994091713168194,-1.21196168315416
"120",1,154,"plymouth","std","four","sedan","fwd","front",93.7,167.3,63.8,50.8,2191,"ohc","<= four",98,"2bbl",2.97,3.23,9.4,68,5500,31,38,7609,7.58064516129032,6.18421052631579,"Low","No","Yes",-0.560046823973108,-0.994091713168194,-1.21196168315416
"121",-1,74,"plymouth","std","four","sedan","fwd","front",103.3,174.6,64.6,59.8,2535,"ohc","<= four",122,"2bbl",3.35,3.46,8.5,88,5000,24,30,8921,9.79166666666667,7.83333333333333,"Low","No","Yes",0.032381050596654,-0.613405960661771,2.46477600731344
"122",3,NA,"plymouth","turbo","two","hatchback","rwd","front",95.9,173.2,66.3,50.2,2818,"ohc","<= four",156,"spdi",3.59,3.86,7,145,5000,19,24,12764,12.3684210526316,9.79166666666667,"Low","No","Yes",-0.081235254115356,0.195551263414382,-1.45707752918533
"123",3,186,"porsche","std","two","hatchback","rwd","front",94.5,168.9,68.3,50.2,2778,"ohc","<= four",151,"mpfi",3.94,3.11,9.5,143,5500,19,27,22018,12.3684210526316,8.7037037037037,"Mid->High","No","Yes",-0.430199618587955,1.14726564468044,-1.45707752918533
"124",3,NA,"porsche","std","two","hatchback","rwd","rear",89.5,168.9,65,51.6,2756,"ohc",">= five",194,"mpfi",3.74,2.9,9.5,207,5900,17,25,32528,13.8235294117647,9.4,"Mid->High","No","Yes",-0.430199618587955,-0.423063084408556,-0.885140555112589
"125",3,NA,"porsche","std","two","hatchback","rwd","rear",89.5,168.9,65,51.6,2756,"ohc",">= five",194,"mpfi",3.74,2.9,9.5,207,5900,17,25,34028,13.8235294117647,9.4,"Mid->High","No","Yes",-0.430199618587955,-0.423063084408556,-0.885140555112589
"126",3,NA,"porsche","std","two","hatchback","rwd","rear",89.5,168.9,65,51.6,2800,"ohc",">= five",194,"mpfi",3.74,2.9,9.5,207,5900,17,25,37028,13.8235294117647,9.4,"Mid->High","No","Yes",-0.430199618587955,-0.423063084408556,-0.885140555112589
"127",0,NA,"renault","std","four","sedan","fwd","front",96.1,181.5,66.5,55.2,2579,"ohc","<= four",132,"mpfi",3.46,3.9,8.7,NA,NA,23,31,9295,10.2173913043478,7.58064516129032,"Low","No","Yes",0.59234712382013,0.29072270154099,0.585554521074451
"128",2,NA,"renault","std","two","hatchback","fwd","front",96.1,176.8,66.6,50.5,2460,"ohc","<= four",132,"mpfi",3.46,3.9,8.7,NA,NA,23,31,9895,10.2173913043478,7.58064516129032,"Low","No","Yes",0.210920958001242,0.33830842060429,-1.33451960616974
"129",3,150,"saab","std","two","hatchback","fwd","front",99.1,186.6,66.5,56.1,2658,"ohc","<= four",121,"mpfi",3.54,3.07,9.31,110,5250,21,28,11850,11.1904761904762,8.39285714285714,"Low","No","Yes",1.00623509098531,0.29072270154099,0.95322829012121
"130",2,104,"saab","std","four","sedan","fwd","front",99.1,186.6,66.5,56.1,2695,"ohc","<= four",121,"mpfi",3.54,3.07,9.3,110,5250,21,28,12170,11.1904761904762,8.39285714285714,"Low","No","Yes",1.00623509098531,0.29072270154099,0.95322829012121
"131",3,150,"saab","std","two","hatchback","fwd","front",99.1,186.6,66.5,56.1,2707,"ohc","<= four",121,"mpfi",2.54,2.07,9.3,110,5250,21,28,15040,11.1904761904762,8.39285714285714,"Low","No","Yes",1.00623509098531,0.29072270154099,0.95322829012121
"132",2,104,"saab","std","four","sedan","fwd","front",99.1,186.6,66.5,56.1,2758,"ohc","<= four",121,"mpfi",3.54,3.07,9.3,110,5250,21,28,15510,11.1904761904762,8.39285714285714,"Low","No","Yes",1.00623509098531,0.29072270154099,0.95322829012121
"133",3,150,"saab","turbo","two","hatchback","fwd","front",99.1,186.6,66.5,56.1,2808,"dohc","<= four",121,"mpfi",3.54,3.07,9,160,5500,19,26,18150,12.3684210526316,9.03846153846154,"Low","No","Yes",1.00623509098531,0.29072270154099,0.95322829012121
"134",2,104,"saab","turbo","four","sedan","fwd","front",99.1,186.6,66.5,56.1,2847,"dohc","<= four",121,"mpfi",3.54,3.07,9,160,5500,19,26,18620,12.3684210526316,9.03846153846154,"Mid->High","No","Yes",1.00623509098531,0.29072270154099,0.95322829012121
"135",2,83,"subaru","std","two","hatchback","fwd","front",93.7,156.9,63.4,53.7,2050,"ohc","<= four",97,"2bbl",3.62,2.36,9,69,4900,31,36,5118,7.58064516129032,6.52777777777778,"Low","No","Yes",-1.40405365897661,-1.18443458942141,-0.0272350940034825
"136",2,83,"subaru","std","two","hatchback","fwd","front",93.7,157.9,63.6,53.7,2120,"ohc","<= four",108,"2bbl",3.62,2.64,8.7,73,4400,26,31,7053,9.03846153846154,7.58064516129032,"Low","No","Yes",-1.32289915561089,-1.0892631512948,-0.0272350940034825
"137",2,83,"subaru","std","two","hatchback","fwd","front",93.3,157.3,63.8,55.7,2240,"ohc","<= four",108,"2bbl",3.62,2.64,8.7,73,4400,26,31,7603,9.03846153846154,7.58064516129032,"Low","No","Yes",-1.37159185763032,-0.994091713168194,0.789817726100428
"138",0,102,"subaru","std","four","sedan","fwd","front",97.2,172,65.4,52.5,2145,"ohc","<= four",108,"2bbl",3.62,2.64,9.5,82,4800,32,37,7126,7.34375,6.35135135135135,"Low","No","Yes",-0.17862065815422,-0.232720208155341,-0.51746678606583
"139",0,102,"subaru","std","four","sedan","fwd","front",97.2,172,65.4,52.5,2190,"ohc","<= four",108,"2bbl",3.62,2.64,9.5,82,4400,28,33,7775,8.39285714285714,7.12121212121212,"Low","No","Yes",-0.17862065815422,-0.232720208155341,-0.51746678606583
"140",0,102,"subaru","std","four","sedan","fwd","front",97.2,172,65.4,52.5,2340,"ohc","<= four",108,"mpfi",3.62,2.64,9,94,5200,26,32,9960,9.03846153846154,7.34375,"Low","No","Yes",-0.17862065815422,-0.232720208155341,-0.51746678606583
"141",0,102,"subaru","std","four","sedan","fwd","front",97,172,65.4,54.3,2385,"ohc","<= four",108,"2bbl",3.62,2.64,9,82,4800,24,25,9233,9.79166666666667,9.4,"Low","No","Yes",-0.17862065815422,-0.232720208155341,0.217880752027688
"142",0,102,"subaru","turbo","four","sedan","fwd","front",97,172,65.4,54.3,2510,"ohc","<= four",108,"mpfi",3.62,2.64,7.7,111,4800,24,29,11259,9.79166666666667,8.10344827586207,"Low","No","Yes",-0.17862065815422,-0.232720208155341,0.217880752027688
"143",0,89,"subaru","std","four","sedan","fwd","front",97,173.5,65.4,53,2290,"ohc","<= four",108,"2bbl",3.62,2.64,9,82,4800,28,32,7463,8.39285714285714,7.34375,"Low","No","Yes",-0.0568889031056387,-0.232720208155341,-0.313203581039852
"144",0,89,"subaru","std","four","sedan","fwd","front",97,173.5,65.4,53,2455,"ohc","<= four",108,"mpfi",3.62,2.64,9,94,5200,25,31,10198,9.4,7.58064516129032,"Low","No","Yes",-0.0568889031056387,-0.232720208155341,-0.313203581039852
"145",0,85,"subaru","std","four","sedan","fwd","front",96.9,173.6,65.4,54.9,2420,"ohc","<= four",108,"2bbl",3.62,2.64,9,82,4800,23,29,8013,10.2173913043478,8.10344827586207,"Low","No","Yes",-0.0487734527690671,-0.232720208155341,0.462996598058862
"146",0,85,"subaru","turbo","four","sedan","fwd","front",96.9,173.6,65.4,54.9,2650,"ohc","<= four",108,"mpfi",3.62,2.64,7.7,111,4800,23,23,11694,10.2173913043478,10.2173913043478,"Low","No","Yes",-0.0487734527690671,-0.232720208155341,0.462996598058862
"147",1,87,"toyota","std","two","hatchback","fwd","front",95.7,158.7,63.6,54.5,1985,"ohc","<= four",92,"2bbl",3.05,3.03,9,62,4800,35,39,5348,6.71428571428571,6.02564102564103,"Low","No","Yes",-1.25797555291831,-1.0892631512948,0.299586034038081
"148",1,87,"toyota","std","two","hatchback","fwd","front",95.7,158.7,63.6,54.5,2040,"ohc","<= four",92,"2bbl",3.05,3.03,9,62,4800,31,38,6338,7.58064516129032,6.18421052631579,"Low","No","Yes",-1.25797555291831,-1.0892631512948,0.299586034038081
"149",1,74,"toyota","std","four","hatchback","fwd","front",95.7,158.7,63.6,54.5,2015,"ohc","<= four",92,"2bbl",3.05,3.03,9,62,4800,31,38,6488,7.58064516129032,6.18421052631579,"Low","No","Yes",-1.25797555291831,-1.0892631512948,0.299586034038081
"150",0,77,"toyota","std","four","sedan","fwd","front",95.7,169.7,63.6,59.1,2280,"ohc","<= four",92,"2bbl",3.05,3.03,9,62,4800,31,37,6918,7.58064516129032,6.35135135135135,"Low","No","Yes",-0.36527601589538,-1.0892631512948,2.17880752027708
"151",0,81,"toyota","std","four","sedan","fwd","front",95.7,169.7,63.6,59.1,2290,"ohc","<= four",92,"2bbl",3.05,3.03,9,62,4800,27,32,7898,8.7037037037037,7.34375,"Low","No","Yes",-0.36527601589538,-1.0892631512948,2.17880752027708
"152",0,91,"toyota","std","four","sedan","fwd","front",95.7,169.7,63.6,59.1,3110,"ohc","<= four",92,"2bbl",3.05,3.03,9,62,4800,27,32,8778,8.7037037037037,7.34375,"Low","No","Yes",-0.36527601589538,-1.0892631512948,2.17880752027708
"153",0,91,"toyota","std","four","sedan","fwd","front",95.7,166.3,64.4,53,2081,"ohc","<= four",98,"2bbl",3.19,3.03,9,70,4800,30,37,6938,7.83333333333333,6.35135135135135,"Low","No","Yes",-0.64120132733883,-0.708577398788371,-0.313203581039852
"154",0,91,"toyota","std","four","hatchback","fwd","front",95.7,166.3,64.4,52.8,2109,"ohc","<= four",98,"2bbl",3.19,3.03,9,70,4800,30,37,7198,7.83333333333333,6.35135135135135,"Low","No","Yes",-0.64120132733883,-0.708577398788371,-0.394908863050245
"155",0,91,"toyota","std","four","sedan","fwd","front",95.7,166.3,64.4,53,2275,"ohc","<= four",110,"idi",3.27,3.35,22.5,56,4500,34,36,7898,6.91176470588235,6.52777777777778,"Low","Yes","No",-0.64120132733883,-0.708577398788371,-0.313203581039852
"156",0,91,"toyota","std","four","hatchback","fwd","front",95.7,166.3,64.4,52.8,2275,"ohc","<= four",110,"idi",3.27,3.35,22.5,56,4500,38,47,7788,6.18421052631579,5,"Low","Yes","No",-0.64120132733883,-0.708577398788371,-0.394908863050245
"157",0,91,"toyota","std","four","sedan","fwd","front",95.7,166.3,64.4,53,2094,"ohc","<= four",98,"2bbl",3.19,3.03,9,70,4800,38,47,7738,6.18421052631579,5,"Low","No","Yes",-0.64120132733883,-0.708577398788371,-0.313203581039852
"158",0,91,"toyota","std","four","hatchback","fwd","front",95.7,166.3,64.4,52.8,2122,"ohc","<= four",98,"2bbl",3.19,3.03,9,70,4800,28,34,8358,8.39285714285714,6.91176470588235,"Low","No","Yes",-0.64120132733883,-0.708577398788371,-0.394908863050245
"159",0,91,"toyota","std","four","sedan","fwd","front",95.7,166.3,64.4,52.8,2140,"ohc","<= four",98,"2bbl",3.19,3.03,9,70,4800,28,34,9258,8.39285714285714,6.91176470588235,"Low","No","Yes",-0.64120132733883,-0.708577398788371,-0.394908863050245
"160",1,168,"toyota","std","two","sedan","rwd","front",94.5,168.7,64,52.6,2169,"ohc","<= four",98,"2bbl",3.19,3.03,9,70,4800,29,34,8058,8.10344827586207,6.91176470588235,"Low","No","Yes",-0.446430519261101,-0.898920275041586,-0.476614145060634
"161",1,168,"toyota","std","two","hatchback","rwd","front",94.5,168.7,64,52.6,2204,"ohc","<= four",98,"2bbl",3.19,3.03,9,70,4800,29,34,8238,8.10344827586207,6.91176470588235,"Low","No","Yes",-0.446430519261101,-0.898920275041586,-0.476614145060634
"162",1,168,"toyota","std","two","sedan","rwd","front",94.5,168.7,64,52.6,2265,"dohc","<= four",98,"mpfi",3.24,3.08,9.4,112,6600,26,29,9298,9.03846153846154,8.10344827586207,"Low","No","Yes",-0.446430519261101,-0.898920275041586,-0.476614145060634
"163",1,168,"toyota","std","two","hatchback","rwd","front",94.5,168.7,64,52.6,2300,"dohc","<= four",98,"mpfi",3.24,3.08,9.4,112,6600,26,29,9538,9.03846153846154,8.10344827586207,"Low","No","Yes",-0.446430519261101,-0.898920275041586,-0.476614145060634
"164",2,134,"toyota","std","two","hatchback","rwd","front",98.4,176.2,65.6,52,2540,"ohc","<= four",146,"mpfi",3.62,3.5,9.3,116,4800,24,30,8449,9.79166666666667,7.83333333333333,"Low","No","Yes",0.162228255981807,-0.13754877002874,-0.721729991091808
"165",2,134,"toyota","std","two","hatchback","rwd","front",98.4,176.2,65.6,52,2536,"ohc","<= four",146,"mpfi",3.62,3.5,9.3,116,4800,24,30,9639,9.79166666666667,7.83333333333333,"Low","No","Yes",0.162228255981807,-0.13754877002874,-0.721729991091808
"166",2,134,"toyota","std","two","hatchback","rwd","front",98.4,176.2,65.6,52,2551,"ohc","<= four",146,"mpfi",3.62,3.5,9.3,116,4800,24,30,9989,9.79166666666667,7.83333333333333,"Low","No","Yes",0.162228255981807,-0.13754877002874,-0.721729991091808
"167",2,134,"toyota","std","two","hatchback","rwd","front",98.4,176.2,65.6,52,2679,"ohc","<= four",146,"mpfi",3.62,3.5,9.3,116,4800,24,30,11199,9.79166666666667,7.83333333333333,"Low","No","Yes",0.162228255981807,-0.13754877002874,-0.721729991091808
"168",2,134,"toyota","std","two","hatchback","rwd","front",98.4,176.2,65.6,52,2714,"ohc","<= four",146,"mpfi",3.62,3.5,9.3,116,4800,24,30,11549,9.79166666666667,7.83333333333333,"Low","No","Yes",0.162228255981807,-0.13754877002874,-0.721729991091808
"169",2,134,"toyota","std","two","hatchback","rwd","front",98.4,176.2,65.6,53,2975,"ohc","<= four",146,"mpfi",3.62,3.5,9.3,116,4800,24,30,17669,9.79166666666667,7.83333333333333,"Low","No","Yes",0.162228255981807,-0.13754877002874,-0.313203581039852
"170",-1,65,"toyota","std","four","sedan","fwd","front",102.4,175.6,66.5,54.9,2326,"ohc","<= four",122,"mpfi",3.31,3.54,8.7,92,4200,29,34,8948,8.10344827586207,6.91176470588235,"Low","No","Yes",0.113535553962375,0.29072270154099,0.462996598058862
"171",-1,65,"toyota","turbo","four","sedan","fwd","front",102.4,175.6,66.5,54.9,2480,"ohc","<= four",110,"idi",3.27,3.35,22.5,73,4500,30,33,10698,7.83333333333333,7.12121212121212,"Low","Yes","No",0.113535553962375,0.29072270154099,0.462996598058862
"172",-1,65,"toyota","std","four","hatchback","fwd","front",102.4,175.6,66.5,53.9,2414,"ohc","<= four",122,"mpfi",3.31,3.54,8.7,92,4200,27,32,9988,8.7037037037037,7.34375,"Low","No","Yes",0.113535553962375,0.29072270154099,0.0544701880069069
"173",-1,65,"toyota","std","four","sedan","fwd","front",102.4,175.6,66.5,54.9,2414,"ohc","<= four",122,"mpfi",3.31,3.54,8.7,92,4200,27,32,10898,8.7037037037037,7.34375,"Low","No","Yes",0.113535553962375,0.29072270154099,0.462996598058862
"174",-1,65,"toyota","std","four","hatchback","fwd","front",102.4,175.6,66.5,53.9,2458,"ohc","<= four",122,"mpfi",3.31,3.54,8.7,92,4200,27,32,11248,8.7037037037037,7.34375,"Low","No","Yes",0.113535553962375,0.29072270154099,0.0544701880069069
"175",3,197,"toyota","std","two","hatchback","rwd","front",102.9,183.5,67.7,52,2976,"dohc",">= five",171,"mpfi",3.27,3.35,9.3,161,5200,20,24,16558,11.75,9.79166666666667,"Low","No","Yes",0.754656130551572,0.861751330300628,-0.721729991091808
"176",3,197,"toyota","std","two","hatchback","rwd","front",102.9,183.5,67.7,52,3016,"dohc",">= five",171,"mpfi",3.27,3.35,9.3,161,5200,19,24,15998,12.3684210526316,9.79166666666667,"Low","No","Yes",0.754656130551572,0.861751330300628,-0.721729991091808
"177",-1,90,"toyota","std","four","sedan","rwd","front",104.5,187.8,66.5,54.1,3131,"dohc",">= five",171,"mpfi",3.27,3.35,9.2,156,5200,20,24,15690,11.75,9.79166666666667,"Low","No","Yes",1.10362049502417,0.29072270154099,0.136175470017299
"178",-1,NA,"toyota","std","four","sedan","rwd","front",104.5,187.8,66.5,54.1,3151,"dohc",">= five",161,"mpfi",3.27,3.35,9.2,156,5200,19,24,15750,12.3684210526316,9.79166666666667,"Low","No","Yes",1.10362049502417,0.29072270154099,0.136175470017299
"179",2,122,"volkswagen","std","two","sedan","fwd","front",97.3,171.7,65.5,55.7,2261,"ohc","<= four",97,"idi",3.01,3.4,23,52,4800,37,46,7775,6.35135135135135,5.10869565217391,"Low","Yes","No",-0.202967009163938,-0.185134489092041,0.789817726100428
"180",2,122,"volkswagen","std","two","sedan","fwd","front",97.3,171.7,65.5,55.7,2209,"ohc","<= four",109,"mpfi",3.19,3.4,9,85,5250,27,34,7975,8.7037037037037,6.91176470588235,"Low","No","Yes",-0.202967009163938,-0.185134489092041,0.789817726100428
"181",2,94,"volkswagen","std","four","sedan","fwd","front",97.3,171.7,65.5,55.7,2264,"ohc","<= four",97,"idi",3.01,3.4,23,52,4800,37,46,7995,6.35135135135135,5.10869565217391,"Low","Yes","No",-0.202967009163938,-0.185134489092041,0.789817726100428
"182",2,94,"volkswagen","std","four","sedan","fwd","front",97.3,171.7,65.5,55.7,2212,"ohc","<= four",109,"mpfi",3.19,3.4,9,85,5250,27,34,8195,8.7037037037037,6.91176470588235,"Low","No","Yes",-0.202967009163938,-0.185134489092041,0.789817726100428
"183",2,94,"volkswagen","std","four","sedan","fwd","front",97.3,171.7,65.5,55.7,2275,"ohc","<= four",109,"mpfi",3.19,3.4,9,85,5250,27,34,8495,8.7037037037037,6.91176470588235,"Low","No","Yes",-0.202967009163938,-0.185134489092041,0.789817726100428
"184",2,94,"volkswagen","turbo","four","sedan","fwd","front",97.3,171.7,65.5,55.7,2319,"ohc","<= four",97,"idi",3.01,3.4,23,68,4500,37,42,9495,6.35135135135135,5.59523809523809,"Low","Yes","No",-0.202967009163938,-0.185134489092041,0.789817726100428
"185",2,94,"volkswagen","std","four","sedan","fwd","front",97.3,171.7,65.5,55.7,2300,"ohc","<= four",109,"mpfi",3.19,3.4,10,100,5500,26,32,9995,9.03846153846154,7.34375,"Low","No","Yes",-0.202967009163938,-0.185134489092041,0.789817726100428
"186",3,NA,"volkswagen","std","two","hatchback","fwd","front",94.5,159.3,64.2,55.6,2254,"ohc","<= four",109,"mpfi",3.19,3.4,8.5,90,5500,24,29,11595,9.79166666666667,8.10344827586207,"Low","No","Yes",-1.20928285089888,-0.803748836914979,0.748965085095232
"187",3,256,"volkswagen","std","two","hatchback","fwd","front",94.5,165.7,64,51.4,2221,"ohc","<= four",109,"mpfi",3.19,3.4,8.5,90,5500,24,29,9980,9.79166666666667,8.10344827586207,"Low","No","Yes",-0.689894029358264,-0.898920275041586,-0.966845837122982
"188",0,NA,"volkswagen","std","four","sedan","fwd","front",100.4,180.2,66.9,55.1,2661,"ohc",">= five",136,"mpfi",3.19,3.4,8.5,110,5500,19,24,13295,12.3684210526316,9.79166666666667,"Low","No","Yes",0.486846269444692,0.481065577794205,0.544701880069254
"189",0,NA,"volkswagen","turbo","four","sedan","fwd","front",100.4,180.2,66.9,55.1,2579,"ohc","<= four",97,"idi",3.01,3.4,23,68,4500,33,38,13845,7.12121212121212,6.18421052631579,"Low","Yes","No",0.486846269444692,0.481065577794205,0.544701880069254
"190",0,NA,"volkswagen","std","four","sedan","fwd","front",100.4,183.1,66.9,55.1,2563,"ohc","<= four",109,"mpfi",3.19,3.4,9,88,5500,25,31,12290,9.4,7.58064516129032,"Low","No","Yes",0.722194329205283,0.481065577794205,0.544701880069254
"191",-2,103,"volvo","std","four","sedan","rwd","front",104.3,188.8,67.2,56.2,2912,"ohc","<= four",141,"mpfi",3.78,3.15,9.5,114,5400,23,28,12940,10.2173913043478,8.39285714285714,"Low","No","Yes",1.18477499838989,0.623822734984112,0.994080931126406
"192",-1,74,"volvo","std","four","sedan","rwd","front",104.3,188.8,67.2,57.5,3034,"ohc","<= four",141,"mpfi",3.78,3.15,9.5,114,5400,23,28,13415,10.2173913043478,8.39285714285714,"Low","No","Yes",1.18477499838989,0.623822734984112,1.52516526419395
"193",-2,103,"volvo","std","four","sedan","rwd","front",104.3,188.8,67.2,56.2,2935,"ohc","<= four",141,"mpfi",3.78,3.15,9.5,114,5400,24,28,15985,9.79166666666667,8.39285714285714,"Low","No","Yes",1.18477499838989,0.623822734984112,0.994080931126406
"194",-1,74,"volvo","std","four","sedan","rwd","front",104.3,188.8,67.2,57.5,3042,"ohc","<= four",141,"mpfi",3.78,3.15,9.5,114,5400,24,28,16515,9.79166666666667,8.39285714285714,"Low","No","Yes",1.18477499838989,0.623822734984112,1.52516526419395
"195",-2,103,"volvo","turbo","four","sedan","rwd","front",104.3,188.8,67.2,56.2,3045,"ohc","<= four",130,"mpfi",3.62,3.15,7.5,162,5100,17,22,18420,13.8235294117647,10.6818181818182,"Low","No","Yes",1.18477499838989,0.623822734984112,0.994080931126406
"196",-1,74,"volvo","turbo","four","sedan","rwd","front",104.3,188.8,67.2,57.5,3157,"ohc","<= four",130,"mpfi",3.62,3.15,7.5,162,5100,17,22,18950,13.8235294117647,10.6818181818182,"Mid->High","No","Yes",1.18477499838989,0.623822734984112,1.52516526419395
"197",-1,95,"volvo","std","four","sedan","rwd","front",109.1,188.8,68.9,55.5,2952,"ohc","<= four",141,"mpfi",3.78,3.15,9.5,114,5400,23,28,16845,10.2173913043478,8.39285714285714,"Low","No","Yes",1.18477499838989,1.43277995906027,0.708112444090036
"198",-1,95,"volvo","turbo","four","sedan","rwd","front",109.1,188.8,68.8,55.5,3049,"ohc","<= four",141,"mpfi",3.78,3.15,8.7,160,5300,19,25,19045,12.3684210526316,9.4,"Mid->High","No","Yes",1.18477499838989,1.38519423999696,0.708112444090036
"199",-1,95,"volvo","std","four","sedan","rwd","front",109.1,188.8,68.9,55.5,3012,"ohc",">= five",173,"mpfi",3.58,2.87,8.8,134,5500,18,23,21485,13.0555555555556,10.2173913043478,"Mid->High","No","Yes",1.18477499838989,1.43277995906027,0.708112444090036
"200",-1,95,"volvo","turbo","four","sedan","rwd","front",109.1,188.8,68.9,55.5,3217,"ohc",">= five",145,"idi",3.01,3.4,23,106,4800,26,27,22470,9.03846153846154,8.7037037037037,"Mid->High","Yes","No",1.18477499838989,1.43277995906027,0.708112444090036
"201",-1,95,"volvo","turbo","four","sedan","rwd","front",109.1,188.8,68.9,55.5,3062,"ohc","<= four",141,"mpfi",3.78,3.15,9.5,114,5400,19,25,22625,12.3684210526316,9.4,"Mid->High","No","Yes",1.18477499838989,1.43277995906027,0.708112444090036
